1,23456asd,2015-12-03,2016-12–03
2,92387alksd,2015-12-04,2016-12–04
3,123,2015-12-04,2016-12–03
4,23456asd,2015-12-03,2016-12–03
5,sd,2015-12-04,2016-12–04
6,u5,2015-12-04,2016-12–03
7,ry,2015-12-03,2016-12–03
8,rt,2015-12-04,2016-12–04
9,dftt,2015-12-04,2016-12–03
10,sfdf,2015-12-03,2016-12–03
11,aryh,2015-12-04,2016-12–04
12,drhs,2015-12-04,2016-12–03
13,sdgsrg,2015-12-03,2016-12–03
14,sdrgsgr,2015-12-04,2016-12–04
15,sdrgsrg,2015-12-04,2016-12–03
16,sdrgsdgr,2015-12-03,2016-12–03
17,sdgrsrdg,2015-12-04,2016-12–04
18,sdrgsdrg,2015-12-04,2016-12–03
19,sdrgsrdg,2015-12-03,2016-12–03
20,sdrgsrg,2015-12-04,2016-12–04
21,sdrgs,2015-12-04,2016-12–03
